
> firefly@6.6.13 astro E:\AItool\zzwork\fqzlr-bk
> astro "build"

node.exe : [astro] `markdown.remarkPlugins`, `markdown.rehypePlugins`, and `markdown.remarkRehype` are deprecated. Pass
 them to `unified({...})` from `@astrojs/markdown-remark` directly instead.
At C:\Program Files\nodejs\pnpm.ps1:16 char:5
+     & "$basedir/node$exe"  "$basedir/node_modules/corepack/dist/pnpm. ...
+     ~~~~~~~~~~~~~~~~~~~~~~~~~~~~~~~~~~~~~~~~~~~~~~~~~~~~~~~~~~~~~~~~~
    + CategoryInfo          : NotSpecified: ([astro] `markdo...rectly instead.:String) [], RemoteException
    + FullyQualifiedErrorId : NativeCommandError
 
[2m06:12:58[22m [34m[content][39m Syncing content
[33m[1m06:12:58[22m [WARN] [glob-loader][39m No files found matching "**/*.{md,mdx}" in directory "src\content\danmu"
[33m[1m06:12:58[22m [WARN] [glob-loader][39m No files found matching "**/*.{md,mdx}" in directory "src\content\life"
[2m06:12:58[22m [34m[content][39m Synced content
[2m06:12:58[22m [34m[types][39m Generated [2m483ms[22m
[2m06:12:58[22m [34m[build][39m output: [34m"static"[39m
[2m06:12:58[22m [34m[build][39m mode: [34m"static"[39m
[2m06:12:58[22m [34m[build][39m directory: [34mE:\AItool\zzwork\fqzlr-bk\dist\[39m
[2m06:12:58[22m [34m[build][39m Collecting build info...
[2m06:12:58[22m [34m[build][39m [32m✓ Completed in 665ms.[39m
[2m06:12:59[22m [34m[build][39m Building static entrypoints...
[33m[1m06:13:08[22m [WARN] [vite][39m [33m[lightningcss minify] 'global' is not recognized as a valid pseudo-class. Did you mean '::global' (pseudo-element) or is this a typo?
199 |  }
200 |  
201 |  .al-meta-item :global(svg),
    |                        ^
202 |  .al-meta-item :global(iconify-icon) {
203 |  	font-size: 0.95rem;[39m
[33m[1m06:13:08[22m [WARN] [vite][39m [33m[lightningcss minify] 'global' is not recognized as a valid pseudo-class. Did you mean '::global' (pseudo-element) or is this a typo?
200 |  
201 |  .al-meta-item :global(svg),
202 |  .al-meta-item :global(iconify-icon) {
    |                        ^
203 |  	font-size: 0.95rem;
204 |  	width: 0.95rem;[39m
[33m[1m06:13:08[22m [WARN] [vite][39m [33m[lightningcss minify] 'global' is not recognized as a valid pseudo-class. Did you mean '::global' (pseudo-element) or is this a typo?
625 |  }
626 |  .moment-action-btn:active { transform: scale(0.95); }
627 |  .moment-action-btn :global(svg),
    |                             ^
628 |  .moment-action-btn svg {
629 |    width: 0.9375rem;[39m
[33m[1m06:13:08[22m [WARN] [vite][39m [33m[lightningcss minify] 'global' is not recognized as a valid pseudo-class. Did you mean '::global' (pseudo-element) or is this a typo?
528 |  }
529 |  
530 |  .ai-msg__content :global(p) {
    |                           ^
531 |  	margin: 0;
532 |  }[39m
[33m[1m06:13:08[22m [WARN] [vite][39m [33m[lightningcss minify] 'global' is not recognized as a valid pseudo-class. Did you mean '::global' (pseudo-element) or is this a typo?
532 |  }
533 |  
534 |  .ai-msg__content :global(p + p) {
    |                           ^
535 |  	margin-top: 0.8em;
536 |  }[39m
[33m[1m06:13:08[22m [WARN] [vite][39m [33m[lightningcss minify] 'global' is not recognized as a valid pseudo-class. Did you mean '::global' (pseudo-element) or is this a typo?
536 |  }
537 |  
538 |  .ai-msg__content :global(ul),
    |                           ^
539 |  .ai-msg__content :global(ol) {
540 |  	margin: 0.4em 0;[39m
[33m[1m06:13:08[22m [WARN] [vite][39m [33m[lightningcss minify] 'global' is not recognized as a valid pseudo-class. Did you mean '::global' (pseudo-element) or is this a typo?
537 |  
538 |  .ai-msg__content :global(ul),
539 |  .ai-msg__content :global(ol) {
    |                           ^
540 |  	margin: 0.4em 0;
541 |  	padding-left: 1.5em;[39m
[33m[1m06:13:08[22m [WARN] [vite][39m [33m[lightningcss minify] 'global' is not recognized as a valid pseudo-class. Did you mean '::global' (pseudo-element) or is this a typo?
542 |  }
543 |  
544 |  .ai-msg__content :global(li + li) {
    |                           ^
545 |  	margin-top: 0.3em;
546 |  }[39m
[33m[1m06:13:08[22m [WARN] [vite][39m [33m[lightningcss minify] 'global' is not recognized as a valid pseudo-class. Did you mean '::global' (pseudo-element) or is this a typo?
546 |  }
547 |  
548 |  .ai-msg__content :global(code) {
    |                           ^
549 |  	background: oklch(0 0 0 / 0.06);
550 |  	padding: 0.1em 0.3em;[39m
[33m[1m06:13:08[22m [WARN] [vite][39m [33m[lightningcss minify] 'global' is not recognized as a valid pseudo-class. Did you mean '::global' (pseudo-element) or is this a typo?
553 |  }
554 |  
555 |  :root.dark .ai-msg__content :global(code) {
    |                                      ^
556 |  	background: oklch(1 0 0 / 0.1);
557 |  }[39m
[33m[1m06:13:08[22m [WARN] [vite][39m [33m[lightningcss minify] 'global' is not recognized as a valid pseudo-class. Did you mean '::global' (pseudo-element) or is this a typo?
557 |  }
558 |  
559 |  .ai-msg__content :global(pre) {
    |                           ^
560 |  	background: oklch(0.12 0 0 / 0.9);
561 |  	color: oklch(0.85 0 0);[39m
[33m[1m06:13:08[22m [WARN] [vite][39m [33m[lightningcss minify] 'global' is not recognized as a valid pseudo-class. Did you mean '::global' (pseudo-element) or is this a typo?
567 |  }
568 |  
569 |  .ai-msg__content :global(pre code) {
    |                           ^
570 |  	background: none;
571 |  	padding: 0;[39m
[33m[1m06:13:08[22m [WARN] [vite][39m [33m[lightningcss minify] 'global' is not recognized as a valid pseudo-class. Did you mean '::global' (pseudo-element) or is this a typo?
573 |  }
574 |  
575 |  .ai-msg__content :global(a) {
    |                           ^
576 |  	color: var(--primary);
577 |  	text-decoration: underline;[39m
[33m[1m06:13:08[22m [WARN] [vite][39m [33m[lightningcss minify] 'global' is not recognized as a valid pseudo-class. Did you mean '::global' (pseudo-element) or is this a typo?
578 |  }
579 |  
580 |  .ai-msg__content :global(strong) {
    |                           ^
581 |  	font-weight: 600;
582 |  }[39m
[33m[1m06:13:08[22m [WARN] [vite][39m [33m[lightningcss minify] 'global' is not recognized as a valid pseudo-class. Did you mean '::global' (pseudo-element) or is this a typo?
582 |  }
583 |  
584 |  .ai-msg__content :global(del) {
    |                           ^
585 |  	opacity: 0.6;
586 |  	text-decoration: line-through;[39m
[33m[1m06:13:08[22m [WARN] [vite][39m [33m[lightningcss minify] 'global' is not recognized as a valid pseudo-class. Did you mean '::global' (pseudo-element) or is this a typo?
903 |  }
904 |  
905 |  .ai-input-area__submit--stop :global(svg) {
    |                                       ^
906 |  	color: inherit;
907 |  }[39m
[33m[1m06:13:08[22m [WARN] [vite][39m [33m[lightningcss minify] 'global' is not recognized as a valid pseudo-class. Did you mean '::global' (pseudo-element) or is this a typo?
1013 |  	}
1014 |  
1015 |  	.ai-msg__content :global(pre) {
     |                            ^
1016 |  		font-size: 0.75rem;
1017 |  		padding: 0.4rem 0.5rem;[39m
[33m[1m06:13:08[22m [WARN] [vite][39m [33m[lightningcss minify] Unknown at rule: @utility
1  |  /* ===== 自定义 Tailwind 工具类 ===== */
2  |  
3  |  @utility expand-animation {
   |          ^
4  |    position: relative;
5  |    z-index: 0;[39m
[33m[1m06:13:08[22m [WARN] [vite][39m [33m[lightningcss minify] 'global' is not recognized as a valid pseudo-class. Did you mean '::global' (pseudo-element) or is this a typo?
56 |  }
57 |  
58 |  [data-astro-cid-gpfyuzy5]:is(:global(.dark) .floating-btn):hover {
   |                                       ^
59 |    background-color: var(--card-bg);
60 |    border-color: #ffffff4d;[39m
[33m[1m06:13:08[22m [WARN] [vite][39m [33m[lightningcss minify] 'global' is not recognized as a valid pseudo-class. Did you mean '::global' (pseudo-element) or is this a typo?
1  |  /*! tailwindcss v4.1.18 | MIT License | https://tailwindcss.com */
2  |  ...m;height:.5em;bottom:0;right:-.5em}.ai-msg__content :global(p){margin:0}.ai-msg__content :global(p + p){margin-top...
   |                                                                 ^[39m
[33m[1m06:13:08[22m [WARN] [vite][39m [33m[lightningcss minify] 'global' is not recognized as a valid pseudo-class. Did you mean '::global' (pseudo-element) or is this a typo?
1  |  /*! tailwindcss v4.1.18 | MIT License | https://tailwindcss.com */
2  |  ...i-msg__content :global(p){margin:0}.ai-msg__content :global(p + p){margin-top:.8em}:is(.ai-msg__content :global(ul...
   |                                                                 ^[39m
[33m[1m06:13:08[22m [WARN] [vite][39m [33m[lightningcss minify] 'global' is not recognized as a valid pseudo-class. Did you mean '::global' (pseudo-element) or is this a typo?
1  |  /*! tailwindcss v4.1.18 | MIT License | https://tailwindcss.com */
2  |  ...:global(p + p){margin-top:.8em}:is(.ai-msg__content :global(ul),.ai-msg__content :global(ol)){margin:.4em 0;paddin...
   |                                                                 ^[39m
[33m[1m06:13:08[22m [WARN] [vite][39m [33m[lightningcss minify] 'global' is not recognized as a valid pseudo-class. Did you mean '::global' (pseudo-element) or is this a typo?
1  |  /*! tailwindcss v4.1.18 | MIT License | https://tailwindcss.com */
2  |  ...m}:is(.ai-msg__content :global(ul),.ai-msg__content :global(ol)){margin:.4em 0;padding-left:1.5em}.ai-msg__content...
   |                                                                 ^[39m
[33m[1m06:13:08[22m [WARN] [vite][39m [33m[lightningcss minify] 'global' is not recognized as a valid pseudo-class. Did you mean '::global' (pseudo-element) or is this a typo?
1  |  /*! tailwindcss v4.1.18 | MIT License | https://tailwindcss.com */
2  |  ...){margin:.4em 0;padding-left:1.5em}.ai-msg__content :global(li + li){margin-top:.3em}.ai-msg__content :global(code...
   |                                                                 ^[39m
[33m[1m06:13:08[22m [WARN] [vite][39m [33m[lightningcss minify] 'global' is not recognized as a valid pseudo-class. Did you mean '::global' (pseudo-element) or is this a typo?
1  |  /*! tailwindcss v4.1.18 | MIT License | https://tailwindcss.com */
2  |  ...t :global(li + li){margin-top:.3em}.ai-msg__content :global(code){background:oklch(0% 0 0/.06);border-radius:.25em...
   |                                                                 ^[39m
[33m[1m06:13:08[22m [WARN] [vite][39m [33m[lightningcss minify] 'global' is not recognized as a valid pseudo-class. Did you mean '::global' (pseudo-element) or is this a typo?
1  |  /*! tailwindcss v4.1.18 | MIT License | https://tailwindcss.com */
2  |  ...em .3em;font-size:.85em}:root.dark .ai-msg__content :global(code){background:oklch(100% 0 0/.1)}.ai-msg__content :...
   |                                                                 ^[39m
[33m[1m06:13:08[22m [WARN] [vite][39m [33m[lightningcss minify] 'global' is not recognized as a valid pseudo-class. Did you mean '::global' (pseudo-element) or is this a typo?
1  |  /*! tailwindcss v4.1.18 | MIT License | https://tailwindcss.com */
2  |  ...ode){background:oklch(100% 0 0/.1)}.ai-msg__content :global(pre){color:oklch(85% 0 0);background:oklch(12% 0 0/.9)...
   |                                                                 ^[39m
[33m[1m06:13:08[22m [WARN] [vite][39m [33m[lightningcss minify] 'global' is not recognized as a valid pseudo-class. Did you mean '::global' (pseudo-element) or is this a typo?
1  |  /*! tailwindcss v4.1.18 | MIT License | https://tailwindcss.com */
2  |  ...em;font-size:.8rem;overflow-x:auto}.ai-msg__content :global(pre code){font-size:inherit;background:0 0;padding:0}....
   |                                                                 ^[39m
[33m[1m06:13:08[22m [WARN] [vite][39m [33m[lightningcss minify] 'global' is not recognized as a valid pseudo-class. Did you mean '::global' (pseudo-element) or is this a typo?
1  |  /*! tailwindcss v4.1.18 | MIT License | https://tailwindcss.com */
2  |  ...e:inherit;background:0 0;padding:0}.ai-msg__content :global(a){color:var(--primary);text-decoration:underline}.ai-...
   |                                                                 ^[39m
[33m[1m06:13:08[22m [WARN] [vite][39m [33m[lightningcss minify] 'global' is not recognized as a valid pseudo-class. Did you mean '::global' (pseudo-element) or is this a typo?
1  |  /*! tailwindcss v4.1.18 | MIT License | https://tailwindcss.com */
2  |  ...primary);text-decoration:underline}.ai-msg__content :global(strong){font-weight:600}.ai-msg__content :global(del){...
   |                                                                 ^[39m
[33m[1m06:13:08[22m [WARN] [vite][39m [33m[lightningcss minify] 'global' is not recognized as a valid pseudo-class. Did you mean '::global' (pseudo-element) or is this a typo?
1  |  /*! tailwindcss v4.1.18 | MIT License | https://tailwindcss.com */
2  |  ...nt :global(strong){font-weight:600}.ai-msg__content :global(del){opacity:.6;text-decoration:line-through}.ai-curso...
   |                                                                 ^[39m
[33m[1m06:13:08[22m [WARN] [vite][39m [33m[lightningcss minify] 'global' is not recognized as a valid pseudo-class. Did you mean '::global' (pseudo-element) or is this a typo?
1  |  /*! tailwindcss v4.1.18 | MIT License | https://tailwindcss.com */
2  |  ...or:oklch(100% 0 0/.08)}.ai-input-area__submit--stop :global(svg){color:inherit}.ai-input-area__label{width:1px;hei...
   |                                                                 ^[39m
[33m[1m06:13:08[22m [WARN] [vite][39m [33m[lightningcss minify] 'global' is not recognized as a valid pseudo-class. Did you mean '::global' (pseudo-element) or is this a typo?
1  |  /*! tailwindcss v4.1.18 | MIT License | https://tailwindcss.com */
2  |  ...2px;height:1.75rem;min-height:32px}.ai-msg__content :global(pre){padding:.4rem .5rem;font-size:.75rem}.ai-input-ar...
   |                                                                 ^[39m
[33m[1m06:13:08[22m [WARN] [vite][39m [33m[lightningcss minify] 'global' is not recognized as a valid pseudo-class. Did you mean '::global' (pseudo-element) or is this a typo?
1  |  /*! tailwindcss v4.1.18 | MIT License | https://tailwindcss.com */
2  |  ...g{width:.9375rem;height:.9375rem}.moment-action-btn :global(svg){width:.9375rem;height:.9375rem}.moments-page{--mo...
   |                                                                 ^[39m
[33m[1m06:13:08[22m [WARN] [vite][39m [33m[lightningcss minify] 'global' is not recognized as a valid pseudo-class. Did you mean '::global' (pseudo-element) or is this a typo?
1  |  /*! tailwindcss v4.1.18 | MIT License | https://tailwindcss.com */
2  |  ...ter;gap:.3rem;display:inline-flex}:is(.al-meta-item :global(svg),.al-meta-item :global(iconify-icon)){flex-shrink:...
   |                                                                 ^[39m
[33m[1m06:13:08[22m [WARN] [vite][39m [33m[lightningcss minify] 'global' is not recognized as a valid pseudo-class. Did you mean '::global' (pseudo-element) or is this a typo?
1  |  /*! tailwindcss v4.1.18 | MIT License | https://tailwindcss.com */
2  |  ...e-flex}:is(.al-meta-item :global(svg),.al-meta-item :global(iconify-icon)){flex-shrink:0;width:.95rem;height:.95re...
   |                                                                 ^[39m
[33m[1m06:13:08[22m [WARN] [vite][39m [33m[lightningcss minify] 'global' is not recognized as a valid pseudo-class. Did you mean '::global' (pseudo-element) or is this a typo?
345 |  
346 |  /* 透明模式下使用半透明背景 */
347 |  :global(body.wallpaper-transparent .usage-info-box) {
    |          ^
348 |  	background-color: rgba(var(--primary-rgb, 70, 130, 180), 0.15) !important;
349 |  }[39m
[33m[1m06:13:08[22m [WARN] [vite][39m [33m[lightningcss minify] 'global' is not recognized as a valid pseudo-class. Did you mean '::global' (pseudo-element) or is this a typo?
349 |  }
350 |  
351 |  :global(:root.dark body.wallpaper-transparent .usage-info-box) {
    |          ^
352 |  	background-color: oklch(from var(--primary) l c h / 0.15) !important;
353 |  }[39m
[2m06:13:09[22m [34m[vite][39m [32m✓ built in 9.97s[39m
[33m[1m06:13:16[22m [WARN] [vite][39m [33m[plugin builtin:vite-reporter] 
(!) Some chunks are larger than 500 kB after minification. Consider:
- Using dynamic import() to code-split the application
- Use build.rolldownOptions.output.codeSplitting to improve chunking: https://rolldown.rs/reference/OutputOptions.codeSplitting
- Adjust chunk size limit for this warning via build.chunkSizeWarningLimit.[39m
[2m06:13:16[22m [34m[vite][39m [32m✓ built in 7.19s[39m
[2m06:13:16[22m [34m[build][39m Rearranging server assets...

[42m[30m generating static routes [39m[49m
The collection "life" does not exist or is empty. Please check your content config file for errors.
The collection "routines" does not exist or is empty. Please check your content config file for errors.
The collection "notebooks" does not exist or is empty. Please check your content config file for errors.
The collection "routines" does not exist or is empty. Please check your content config file for errors.
The collection "notebooks" does not exist or is empty. Please check your content config file for errors.
The collection "routines" does not exist or is empty. Please check your content config file for errors.
The collection "life" does not exist or is empty. Please check your content config file for errors.
The collection "routines" does not exist or is empty. Please check your content config file for errors.
[2m06:13:18[22m   [34m├─[39m [2m/404.html[22m [2m(+86ms)[22m 
The collection "life" does not exist or is empty. Please check your content config file for errors.
The collection "routines" does not exist or is empty. Please check your content config file for errors.
The collection "notebooks" does not exist or is empty. Please check your content config file for errors.
The collection "routines" does not exist or is empty. Please check your content config file for errors.
The collection "notebooks" does not exist or is empty. Please check your content config file for errors.
The collection "routines" does not exist or is empty. Please check your content config file for errors.
The collection "life" does not exist or is empty. Please check your content config file for errors.
The collection "routines" does not exist or is empty. Please check your content config file for errors.
[2m06:13:18[22m   [34m├─[39m [2m/about/index.html[22m [2m(+32ms)[22m 
[2m06:13:18[22m   [34m├─[39m [2m/anime/index.html[22m[Anime] Fetching Bilibili list for UID: 2017273493...
[Anime] Fetched 5 items from Bilibili (anime: 4, drama: 1).
The collection "life" does not exist or is empty. Please check your content config file for errors.
The collection "routines" does not exist or is empty. Please check your content config file for errors.
The collection "notebooks" does not exist or is empty. Please check your content config file for errors.
The collection "routines" does not exist or is empty. Please check your content config file for errors.
The collection "notebooks" does not exist or is empty. Please check your content config file for errors.
The collection "routines" does not exist or is empty. Please check your content config file for errors.
The collection "life" does not exist or is empty. Please check your content config file for errors.
The collection "routines" does not exist or is empty. Please check your content config file for errors.
 [2m(+380ms)[22m 
[2m06:13:18[22m   [34m├─[39m [2m/api/allPostMeta.json[22m [2m(+4ms)[22m 
[2m06:13:18[22m   [34m├─[39m [2m/api/calendar.json[22m [2m(+4ms)[22m 
[2m06:13:18[22m   [34m├─[39m [2m/api/dynamic.json[22m [2m(+15ms)[22m 
[2m06:13:18[22m   [34m├─[39m [2m/api/holidays.json[22m [31m(+2.59s)[39m 
The collection "life" does not exist or is empty. Please check your content config file for errors.
The collection "notebooks" does not exist or is empty. Please check your content config file for errors.
The collection "routines" does not exist or is empty. Please check your content config file for errors.
The collection "life" does not exist or is empty. Please check your content config file for errors.
The collection "routines" does not exist or is empty. Please check your content config file for errors.
The collection "notebooks" does not exist or is empty. Please check your content config file for errors.
The collection "routines" does not exist or is empty. Please check your content config file for errors.
The collection "notebooks" does not exist or is empty. Please check your content config file for errors.
The collection "routines" does not exist or is empty. Please check your content config file for errors.
The collection "life" does not exist or is empty. Please check your content config file for errors.
The collection "routines" does not exist or is empty. Please check your content config file for errors.
[2m06:13:21[22m   [34m├─[39m [2m/archive/index.html[22m [2m(+155ms)[22m 
[2m06:13:21[22m   [34m├─[39m [2m/bangumi/index.html[22m[Bangumi] 🌐 从 API 获取数据（static 模式）
[Bangumi] 🌐 生产模式 - 开始获取用户 1219895 的 subjectType 1 数据...
[Bangumi] 正在获取数据: https://api.bangumi.one/v0/users/1219895/collections?subject_type=1&limit=50&offset=0 (已获取: 0)
[Bangumi] 获取 书籍 数据失败: [TypeError: fetch failed] {
  [cause]: Error: read ECONNRESET
      at TLSWrap.onStreamRead (node:internal/stream_base_commons:216:20) {
    errno: -4077,
    code: 'ECONNRESET',
    syscall: 'read'
  }
}
The collection "life" does not exist or is empty. Please check your content config file for errors.
The collection "routines" does not exist or is empty. Please check your content config file for errors.
The collection "notebooks" does not exist or is empty. Please check your content config file for errors.
The collection "routines" does not exist or is empty. Please check your content config file for errors.
The collection "notebooks" does not exist or is empty. Please check your content config file for errors.
The collection "routines" does not exist or is empty. Please check your content config file for errors.
The collection "life" does not exist or is empty. Please check your content config file for errors.
The collection "routines" does not exist or is empty. Please check your content config file for errors.
 [2m(+209ms)[22m 
The collection "life" does not exist or is empty. Please check your content config file for errors.
The collection "routines" does not exist or is empty. Please check your content config file for errors.
The collection "notebooks" does not exist or is empty. Please check your content config file for errors.
The collection "routines" does not exist or is empty. Please check your content config file for errors.
The collection "notebooks" does not exist or is empty. Please check your content config file for errors.
The collection "routines" does not exist or is empty. Please check your content config file for errors.
The collection "life" does not exist or is empty. Please check your content config file for errors.
The collection "routines" does not exist or is empty. Please check your content config file for errors.
[2m06:13:21[22m   [34m├─[39m [2m/bangumi/anime/阿甘正传/index.html[22m [2m(+25ms)[22m 
The collection "life" does not exist or is empty. Please check your content config file for errors.
The collection "routines" does not exist or is empty. Please check your content config file for errors.
The collection "notebooks" does not exist or is empty. Please check your content config file for errors.
The collection "routines" does not exist or is empty. Please check your content config file for errors.
The collection "notebooks" does not exist or is empty. Please check your content config file for errors.
The collection "routines" does not exist or is empty. Please check your content config file for errors.
The collection "life" does not exist or is empty. Please check your content config file for errors.
The collection "routines" does not exist or is empty. Please check your content config file for errors.
[2m06:13:21[22m   [34m├─[39m [2m/bangumi/anime/爱乐之城/index.html[22m [2m(+22ms)[22m 
The collection "life" does not exist or is empty. Please check your content config file for errors.
The collection "routines" does not exist or is empty. Please check your content config file for errors.
The collection "notebooks" does not exist or is empty. Please check your content config file for errors.
The collection "routines" does not exist or is empty. Please check your content config file for errors.
The collection "notebooks" does not exist or is empty. Please check your content config file for errors.
The collection "routines" does not exist or is empty. Please check your content config file for errors.
The collection "life" does not exist or is empty. Please check your content config file for errors.
The collection "routines" does not exist or is empty. Please check your content config file for errors.
[2m06:13:21[22m   [34m├─[39m [2m/bangumi/anime/霸王别姬/index.html[22m [2m(+23ms)[22m 
The collection "life" does not exist or is empty. Please check your content config file for errors.
The collection "routines" does not exist or is empty. Please check your content config file for errors.
The collection "notebooks" does not exist or is empty. Please check your content config file for errors.
The collection "routines" does not exist or is empty. Please check your content config file for errors.
The collection "notebooks" does not exist or is empty. Please check your content config file for errors.
The collection "routines" does not exist or is empty. Please check your content config file for errors.
The collection "life" does not exist or is empty. Please check your content config file for errors.
The collection "routines" does not exist or is empty. Please check your content config file for errors.
[2m06:13:21[22m   [34m├─[39m [2m/bangumi/anime/白日梦想家/index.html[22m [2m(+22ms)[22m 
The collection "life" does not exist or is empty. Please check your content config file for errors.
The collection "routines" does not exist or is empty. Please check your content config file for errors.
The collection "notebooks" does not exist or is empty. Please check your content config file for errors.
The collection "routines" does not exist or is empty. Please check your content config file for errors.
The collection "notebooks" does not exist or is empty. Please check your content config file for errors.
The collection "routines" does not exist or is empty. Please check your content config file for errors.
The collection "life" does not exist or is empty. Please check your content config file for errors.
The collection "routines" does not exist or is empty. Please check your content config file for errors.
[2m06:13:21[22m   [34m├─[39m [2m/bangumi/anime/爆裂鼓手/index.html[22m [2m(+22ms)[22m 
The collection "life" does not exist or is empty. Please check your content config file for errors.
The collection "routines" does not exist or is empty. Please check your content config file for errors.
The collection "notebooks" does not exist or is empty. Please check your content config file for errors.
The collection "routines" does not exist or is empty. Please check your content config file for errors.
The collection "notebooks" does not exist or is empty. Please check your content config file for errors.
The collection "routines" does not exist or is empty. Please check your content config file for errors.
The collection "life" does not exist or is empty. Please check your content config file for errors.
The collection "routines" does not exist or is empty. Please check your content config file for errors.
[2m06:13:21[22m   [34m├─[39m [2m/bangumi/anime/蝙蝠侠黑暗骑士/index.html[22m [2m(+21ms)[22m 
The collection "life" does not exist or is empty. Please check your content config file for errors.
The collection "routines" does not exist or is empty. Please check your content config file for errors.
The collection "notebooks" does not exist or is empty. Please check your content config file for errors.
The collection "routines" does not exist or is empty. Please check your content config file for errors.
The collection "notebooks" does not exist or is empty. Please check your content config file for errors.
The collection "routines" does not exist or is empty. Please check your content config file for errors.
The collection "life" does not exist or is empty. Please check your content config file for errors.
The collection "routines" does not exist or is empty. Please check your content config file for errors.
[2m06:13:21[22m   [34m├─[39m [2m/bangumi/anime/镖人/index.html[22m [2m(+25ms)[22m 
The collection "life" does not exist or is empty. Please check your content config file for errors.
The collection "routines" does not exist or is empty. Please check your content config file for errors.
The collection "notebooks" does not exist or is empty. Please check your content config file for errors.
The collection "routines" does not exist or is empty. Please check your content config file for errors.
The collection "notebooks" does not exist or is empty. Please check your content config file for errors.
The collection "routines" does not exist or is empty. Please check your content config file for errors.
The collection "life" does not exist or is empty. Please check your content config file for errors.
The collection "routines" does not exist or is empty. Please check your content config file for errors.
[2m06:13:21[22m   [34m├─[39m [2m/bangumi/anime/茶馆/index.html[22m [2m(+22ms)[22m 
The collection "life" does not exist or is empty. Please check your content config file for errors.
The collection "routines" does not exist or is empty. Please check your content config file for errors.
The collection "notebooks" does not exist or is empty. Please check your content config file for errors.
The collection "routines" does not exist or is empty. Please check your content config file for errors.
The collection "notebooks" does not exist or is empty. Please check your content config file for errors.
The collection "routines" does not exist or is empty. Please check your content config file for errors.
The collection "life" does not exist or is empty. Please check your content config file for errors.
The collection "routines" does not exist or is empty. Please check your content config file for errors.
[2m06:13:21[22m   [34m├─[39m [2m/bangumi/anime/豺狼的日子/index.html[22m [2m(+21ms)[22m 
The collection "life" does not exist or is empty. Please check your content config file for errors.
The collection "routines" does not exist or is empty. Please check your content config file for errors.
The collection "notebooks" does not exist or is empty. Please check your content config file for errors.
The collection "routines" does not exist or is empty. Please check your content config file for errors.
The collection "notebooks" does not exist or is empty. Please check your content config file for errors.
The collection "routines" does not exist or is empty. Please check your content config file for errors.
The collection "life" does not exist or is empty. Please check your content config file for errors.
The collection "routines" does not exist or is empty. Please check your content config file for errors.
[2m06:13:22[22m   [34m├─[39m [2m/bangumi/anime/穿条纹睡衣的男孩/index.html[22m [2m(+25ms)[22m 
The collection "life" does not exist or is empty. Please check your content config file for errors.
The collection "routines" does not exist or is empty. Please check your content config file for errors.
The collection "notebooks" does not exist or is empty. Please check your content config file for errors.
The collection "routines" does not exist or is empty. Please check your content config file for errors.
The collection "notebooks" does not exist or is empty. Please check your content config file for errors.
The collection "routines" does not exist or is empty. Please check your content config file for errors.
The collection "life" does not exist or is empty. Please check your content config file for errors.
The collection "routines" does not exist or is empty. Please check your content config file for errors.
[2m06:13:22[22m   [34m├─[39m [2m/bangumi/anime/大王饶命/index.html[22m [2m(+21ms)[22m 
The collection "life" does not exist or is empty. Please check your content config file for errors.
The collection "routines" does not exist or is empty. Please check your content config file for errors.
The collection "notebooks" does not exist or is empty. Please check your content config file for errors.
The collection "routines" does not exist or is empty. Please check your content config file for errors.
The collection "notebooks" does not exist or is empty. Please check your content config file for errors.
The collection "routines" does not exist or is empty. Please check your content config file for errors.
The collection "life" does not exist or is empty. Please check your content config file for errors.
The collection "routines" does not exist or is empty. Please check your content config file for errors.
[2m06:13:22[22m   [34m├─[39m [2m/bangumi/anime/当幸福来敲门/index.html[22m [2m(+21ms)[22m 
The collection "life" does not exist or is empty. Please check your content config file for errors.
The collection "routines" does not exist or is empty. Please check your content config file for errors.
The collection "notebooks" does not exist or is empty. Please check your content config file for errors.
The collection "routines" does not exist or is empty. Please check your content config file for errors.
The collection "notebooks" does not exist or is empty. Please check your content config file for errors.
The collection "routines" does not exist or is empty. Please check your content config file for errors.
The collection "life" does not exist or is empty. Please check your content config file for errors.
The collection "routines" does not exist or is empty. Please check your content config file for errors.
[2m06:13:22[22m   [34m├─[39m [2m/bangumi/anime/盗梦空间/index.html[22m [2m(+20ms)[22m 
The collection "life" does not exist or is empty. Please check your content config file for errors.
The collection "routines" does not exist or is empty. Please check your content config file for errors.
The collection "notebooks" does not exist or is empty. Please check your content config file for errors.
The collection "routines" does not exist or is empty. Please check your content config file for errors.
The collection "notebooks" does not exist or is empty. Please check your content config file for errors.
The collection "routines" does not exist or is empty. Please check your content config file for errors.
The collection "life" does not exist or is empty. Please check your content config file for errors.
The collection "routines" does not exist or is empty. Please check your content config file for errors.
[2m06:13:22[22m   [34m├─[39m [2m/bangumi/anime/斗罗大陆/index.html[22m [2m(+25ms)[22m 
The collection "life" does not exist or is empty. Please check your content config file for errors.
The collection "routines" does not exist or is empty. Please check your content config file for errors.
The collection "notebooks" does not exist or is empty. Please check your content config file for errors.
The collection "routines" does not exist or is empty. Please check your content config file for errors.
The collection "notebooks" does not exist or is empty. Please check your content config file for errors.
The collection "routines" does not exist or is empty. Please check your content config file for errors.
The collection "life" does not exist or is empty. Please check your content config file for errors.
The collection "routines" does not exist or is empty. Please check your content config file for errors.
[2m06:13:22[22m   [34m├─[39m [2m/bangumi/anime/斗破苍穹/index.html[22m [2m(+21ms)[22m 
The collection "life" does not exist or is empty. Please check your content config file for errors.
The collection "routines" does not exist or is empty. Please check your content config file for errors.
The collection "notebooks" does not exist or is empty. Please check your content config file for errors.
The collection "routines" does not exist or is empty. Please check your content config file for errors.
The collection "notebooks" does not exist or is empty. Please check your content config file for errors.
The collection "routines" does not exist or is empty. Please check your content config file for errors.
The collection "life" does not exist or is empty. Please check your content config file for errors.
The collection "routines" does not exist or is empty. Please check your content config file for errors.
[2m06:13:22[22m   [34m├─[39m [2m/bangumi/anime/夺命许愿/index.html[22m [2m(+21ms)[22m 
The collection "life" does not exist or is empty. Please check your content config file for errors.
The collection "routines" does not exist or is empty. Please check your content config file for errors.
The collection "notebooks" does not exist or is empty. Please check your content config file for errors.
The collection "routines" does not exist or is empty. Please check your content config file for errors.
The collection "notebooks" does not exist or is empty. Please check your content config file for errors.
The collection "routines" does not exist or is empty. Please check your content config file for errors.
The collection "life" does not exist or is empty. Please check your content config file for errors.
The collection "routines" does not exist or is empty. Please check your content config file for errors.
[2m06:13:22[22m   [34m├─[39m [2m/bangumi/anime/凡人修仙传/index.html[22m [2m(+21ms)[22m 
The collection "life" does not exist or is empty. Please check your content config file for errors.
The collection "routines" does not exist or is empty. Please check your content config file for errors.
The collection "notebooks" does not exist or is empty. Please check your content config file for errors.
The collection "routines" does not exist or is empty. Please check your content config file for errors.
The collection "notebooks" does not exist or is empty. Please check your content config file for errors.
The collection "routines" does not exist or is empty. Please check your content config file for errors.
The collection "life" does not exist or is empty. Please check your content config file for errors.
The collection "routines" does not exist or is empty. Please check your content config file for errors.
[2m06:13:22[22m   [34m├─[39m [2m/bangumi/anime/飞越疯人院/index.html[22m [2m(+25ms)[22m 
The collection "life" does not exist or is empty. Please check your content config file for errors.
The collection "routines" does not exist or is empty. Please check your content config file for errors.
The collection "notebooks" does not exist or is empty. Please check your content config file for errors.
The collection "routines" does not exist or is empty. Please check your content config file for errors.
The collection "notebooks" does not exist or is empty. Please check your content config file for errors.
The collection "routines" does not exist or is empty. Please check your content config file for errors.
The collection "life" does not exist or is empty. Please check your content config file for errors.
The collection "routines" does not exist or is empty. Please check your content config file for errors.
[2m06:13:22[22m   [34m├─[39m [2m/bangumi/anime/釜山行/index.html[22m [2m(+20ms)[22m 
The collection "life" does not exist or is empty. Please check your content config file for errors.
The collection "routines" does not exist or is empty. Please check your content config file for errors.
The collection "notebooks" does not exist or is empty. Please check your content config file for errors.
The collection "routines" does not exist or is empty. Please check your content config file for errors.
The collection "notebooks" does not exist or is empty. Please check your content config file for errors.
The collection "routines" does not exist or is empty. Please check your content config file for errors.
The collection "life" does not exist or is empty. Please check your content config file for errors.
The collection "routines" does not exist or is empty. Please check your content config file for errors.
[2m06:13:22[22m   [34m├─[39m [2m/bangumi/anime/给阿嬷的情书/index.html[22m [2m(+22ms)[22m 
The collection "life" does not exist or is empty. Please check your content config file for errors.
The collection "routines" does not exist or is empty. Please check your content config file for errors.
The collection "notebooks" does not exist or is empty. Please check your content config file for errors.
The collection "routines" does not exist or is empty. Please check your content config file for errors.
The collection "notebooks" does not exist or is empty. Please check your content config file for errors.
The collection "routines" does not exist or is empty. Please check your content config file for errors.
The collection "life" does not exist or is empty. Please check your content config file for errors.
The collection "routines" does not exist or is empty. Please check your content config file for errors.
[2m06:13:22[22m   [34m├─[39m [2m/bangumi/anime/功夫/index.html[22m [2m(+21ms)[22m 
The collection "life" does not exist or is empty. Please check your content config file for errors.
The collection "routines" does not exist or is empty. Please check your content config file for errors.
The collection "notebooks" does not exist or is empty. Please check your content config file for errors.
The collection "routines" does not exist or is empty. Please check your content config file for errors.
The collection "notebooks" does not exist or is empty. Please check your content config file for errors.
The collection "routines" does not exist or is empty. Please check your content config file for errors.
The collection "life" does not exist or is empty. Please check your content config file for errors.
The collection "routines" does not exist or is empty. Please check your content config file for errors.
[2m06:13:22[22m   [34m├─[39m [2m/bangumi/anime/鬼客/index.html[22m [2m(+24ms)[22m 
The collection "life" does not exist or is empty. Please check your content config file for errors.
The collection "routines" does not exist or is empty. Please check your content config file for errors.
The collection "notebooks" does not exist or is empty. Please check your content config file for errors.
The collection "routines" does not exist or is empty. Please check your content config file for errors.
The collection "notebooks" does not exist or is empty. Please check your content config file for errors.
The collection "routines" does not exist or is empty. Please check your content config file for errors.
The collection "life" does not exist or is empty. Please check your content config file for errors.
The collection "routines" does not exist or is empty. Please check your content config file for errors.
[2m06:13:22[22m   [34m├─[39m [2m/bangumi/anime/海边的曼彻斯特/index.html[22m [2m(+21ms)[22m 
The collection "life" does not exist or is empty. Please check your content config file for errors.
The collection "routines" does not exist or is empty. Please check your content config file for errors.
The collection "notebooks" does not exist or is empty. Please check your content config file for errors.
The collection "routines" does not exist or is empty. Please check your content config file for errors.
The collection "notebooks" does not exist or is empty. Please check your content config file for errors.
The collection "routines" does not exist or is empty. Please check your content config file for errors.
The collection "life" does not exist or is empty. Please check your content config file for errors.
The collection "routines" does not exist or is empty. Please check your content config file for errors.
[2m06:13:22[22m   [34m├─[39m [2m/bangumi/anime/河狸变身计划/index.html[22m [2m(+20ms)[22m 
The collection "life" does not exist or is empty. Please check your content config file for errors.
The collection "routines" does not exist or is empty. Please check your content config file for errors.
The collection "notebooks" does not exist or is empty. Please check your content config file for errors.
The collection "routines" does not exist or is empty. Please check your content config file for errors.
The collection "notebooks" does not exist or is empty. Please check your content config file for errors.
The collection "routines" does not exist or is empty. Please check your content config file for errors.
The collection "life" does not exist or is empty. Please check your content config file for errors.
The collection "routines" does not exist or is empty. Please check your content config file for errors.
[2m06:13:22[22m   [34m├─[39m [2m/bangumi/anime/黑暗荣耀1/index.html[22m [2m(+24ms)[22m 
The collection "life" does not exist or is empty. Please check your content config file for errors.
The collection "routines" does not exist or is empty. Please check your content config file for errors.
The collection "notebooks" does not exist or is empty. Please check your content config file for errors.
The collection "routines" does not exist or is empty. Please check your content config file for errors.
The collection "notebooks" does not exist or is empty. Please check your content config file for errors.
The collection "routines" does not exist or is empty. Please check your content config file for errors.
The collection "life" does not exist or is empty. Please check your content config file for errors.
The collection "routines" does not exist or is empty. Please check your content config file for errors.
[2m06:13:22[22m   [34m├─[39m [2m/bangumi/anime/黑暗荣耀第二季/index.html[22m [2m(+22ms)[22m 
The collection "life" does not exist or is empty. Please check your content config file for errors.
The collection "routines" does not exist or is empty. Please check your content config file for errors.
The collection "notebooks" does not exist or is empty. Please check your content config file for errors.
The collection "routines" does not exist or is empty. Please check your content config file for errors.
The collection "notebooks" does not exist or is empty. Please check your content config file for errors.
The collection "routines" does not exist or is empty. Please check your content config file for errors.
The collection "life" does not exist or is empty. Please check your content config file for errors.
The collection "routines" does not exist or is empty. Please check your content config file for errors.
[2m06:13:22[22m   [34m├─[39m [2m/bangumi/anime/画江湖之不良人/index.html[22m [2m(+19ms)[22m 
The collection "life" does not exist or is empty. Please check your content config file for errors.
The collection "routines" does not exist or is empty. Please check your content config file for errors.
The collection "notebooks" does not exist or is empty. Please check your content config file for errors.
The collection "routines" does not exist or is empty. Please check your content config file for errors.
The collection "notebooks" does not exist or is empty. Please check your content config file for errors.
The collection "routines" does not exist or is empty. Please check your content config file for errors.
The collection "life" does not exist or is empty. Please check your content config file for errors.
The collection "routines" does not exist or is empty. Please check your content config file for errors.
[2m06:13:22[22m   [34m├─[39m [2m/bangumi/anime/极速风流/index.html[22m [2m(+21ms)[22m 
The collection "life" does not exist or is empty. Please check your content config file for errors.
The collection "routines" does not exist or is empty. Please check your content config file for errors.
The collection "notebooks" does not exist or is empty. Please check your content config file for errors.
The collection "routines" does not exist or is empty. Please check your content config file for errors.
The collection "notebooks" does not exist or is empty. Please check your content config file for errors.
The collection "routines" does not exist or is empty. Please check your content config file for errors.
The collection "life" does not exist or is empty. Please check your content config file for errors.
The collection "routines" does not exist or is empty. Please check your content config file for errors.
[2m06:13:22[22m   [34m├─[39m [2m/bangumi/anime/九品芝麻官/index.html[22m [2m(+23ms)[22m 
The collection "life" does not exist or is empty. Please check your content config file for errors.
The collection "routines" does not exist or is empty. Please check your content config file for errors.
The collection "notebooks" does not exist or is empty. Please check your content config file for errors.
The collection "routines" does not exist or is empty. Please check your content config file for errors.
The collection "notebooks" does not exist or is empty. Please check your content config file for errors.
The collection "routines" does not exist or is empty. Please check your content config file for errors.
The collection "life" does not exist or is empty. Please check your content config file for errors.
The collection "routines" does not exist or is empty. Please check your content config file for errors.
[2m06:13:22[22m   [34m├─[39m [2m/bangumi/anime/绿皮书/index.html[22m [2m(+20ms)[22m 
The collection "life" does not exist or is empty. Please check your content config file for errors.
The collection "routines" does not exist or is empty. Please check your content config file for errors.
The collection "notebooks" does not exist or is empty. Please check your content config file for errors.
The collection "routines" does not exist or is empty. Please check your content config file for errors.
The collection "notebooks" does not exist or is empty. Please check your content config file for errors.
The collection "routines" does not exist or is empty. Please check your content config file for errors.
The collection "life" does not exist or is empty. Please check your content config file for errors.
The collection "routines" does not exist or is empty. Please check your content config file for errors.
[2m06:13:22[22m   [34m├─[39m [2m/bangumi/anime/美丽人生/index.html[22m [2m(+20ms)[22m 
The collection "life" does not exist or is empty. Please check your content config file for errors.
The collection "routines" does not exist or is empty. Please check your content config file for errors.
The collection "notebooks" does not exist or is empty. Please check your content config file for errors.
The collection "routines" does not exist or is empty. Please check your content config file for errors.
The collection "notebooks" does not exist or is empty. Please check your content config file for errors.
The collection "routines" does not exist or is empty. Please check your content config file for errors.
The collection "life" does not exist or is empty. Please check your content config file for errors.
The collection "routines" does not exist or is empty. Please check your content config file for errors.
[2m06:13:22[22m   [34m├─[39m [2m/bangumi/anime/迷雾/index.html[22m [2m(+21ms)[22m 
The collection "life" does not exist or is empty. Please check your content config file for errors.
The collection "routines" does not exist or is empty. Please check your content config file for errors.
The collection "notebooks" does not exist or is empty. Please check your content config file for errors.
The collection "routines" does not exist or is empty. Please check your content config file for errors.
The collection "notebooks" does not exist or is empty. Please check your content config file for errors.
The collection "routines" does not exist or is empty. Please check your content config file for errors.
The collection "life" does not exist or is empty. Please check your content config file for errors.
The collection "routines" does not exist or is empty. Please check your content config file for errors.
[2m06:13:22[22m   [34m├─[39m [2m/bangumi/anime/你的名字/index.html[22m [2m(+24ms)[22m 
The collection "life" does not exist or is empty. Please check your content config file for errors.
The collection "routines" does not exist or is empty. Please check your content config file for errors.
The collection "notebooks" does not exist or is empty. Please check your content config file for errors.
The collection "routines" does not exist or is empty. Please check your content config file for errors.
The collection "notebooks" does not exist or is empty. Please check your content config file for errors.
The collection "routines" does not exist or is empty. Please check your content config file for errors.
The collection "life" does not exist or is empty. Please check your content config file for errors.
The collection "routines" does not exist or is empty. Please check your content config file for errors.
[2m06:13:22[22m   [34m├─[39m [2m/bangumi/anime/诺曼底72小时/index.html[22m [2m(+20ms)[22m 
The collection "life" does not exist or is empty. Please check your content config file for errors.
The collection "routines" does not exist or is empty. Please check your content config file for errors.
The collection "notebooks" does not exist or is empty. Please check your content config file for errors.
The collection "routines" does not exist or is empty. Please check your content config file for errors.
The collection "notebooks" does not exist or is empty. Please check your content config file for errors.
The collection "routines" does not exist or is empty. Please check your content config file for errors.
The collection "life" does not exist or is empty. Please check your content config file for errors.
The collection "routines" does not exist or is empty. Please check your content config file for errors.
[2m06:13:22[22m   [34m├─[39m [2m/bangumi/anime/千与千寻/index.html[22m [2m(+20ms)[22m 
The collection "life" does not exist or is empty. Please check your content config file for errors.
The collection "routines" does not exist or is empty. Please check your content config file for errors.
The collection "notebooks" does not exist or is empty. Please check your content config file for errors.
The collection "routines" does not exist or is empty. Please check your content config file for errors.
The collection "notebooks" does not exist or is empty. Please check your content config file for errors.
The collection "routines" does not exist or is empty. Please check your content config file for errors.
The collection "life" does not exist or is empty. Please check your content config file for errors.
The collection "routines" does not exist or is empty. Please check your content config file for errors.
[2m06:13:22[22m   [34m├─[39m [2m/bangumi/anime/让子弹飞/index.html[22m [2m(+21ms)[22m 
The collection "life" does not exist or is empty. Please check your content config file for errors.
The collection "routines" does not exist or is empty. Please check your content config file for errors.
The collection "notebooks" does not exist or is empty. Please check your content config file for errors.
The collection "routines" does not exist or is empty. Please check your content config file for errors.
The collection "notebooks" does not exist or is empty. Please check your content config file for errors.
The collection "routines" does not exist or is empty. Please check your content config file for errors.
The collection "life" does not exist or is empty. Please check your content config file for errors.
The collection "routines" does not exist or is empty. Please check your content config file for errors.
[2m06:13:22[22m   [34m├─[39m [2m/bangumi/anime/三傻大闹宝莱坞/index.html[22m [2m(+23ms)[22m 
The collection "life" does not exist or is empty. Please check your content config file for errors.
The collection "routines" does not exist or is empty. Please check your content config file for errors.
The collection "notebooks" does not exist or is empty. Please check your content config file for errors.
The collection "routines" does not exist or is empty. Please check your content config file for errors.
The collection "notebooks" does not exist or is empty. Please check your content config file for errors.
The collection "routines" does not exist or is empty. Please check your content config file for errors.
The collection "life" does not exist or is empty. Please check your content config file for errors.
The collection "routines" does not exist or is empty. Please check your content config file for errors.
[2m06:13:22[22m   [34m├─[39m [2m/bangumi/anime/少年派的奇幻漂流/index.html[22m [2m(+21ms)[22m 
The collection "life" does not exist or is empty. Please check your content config file for errors.
The collection "routines" does not exist or is empty. Please check your content config file for errors.
The collection "notebooks" does not exist or is empty. Please check your content config file for errors.
The collection "routines" does not exist or is empty. Please check your content config file for errors.
The collection "notebooks" does not exist or is empty. Please check your content config file for errors.
The collection "routines" does not exist or is empty. Please check your content config file for errors.
The collection "life" does not exist or is empty. Please check your content config file for errors.
The collection "routines" does not exist or is empty. Please check your content config file for errors.
[2m06:13:22[22m   [34m├─[39m [2m/bangumi/anime/神印王座/index.html[22m [2m(+20ms)[22m 
The collection "life" does not exist or is empty. Please check your content config file for errors.
The collection "routines" does not exist or is empty. Please check your content config file for errors.
The collection "notebooks" does not exist or is empty. Please check your content config file for errors.
The collection "routines" does not exist or is empty. Please check your content config file for errors.
The collection "notebooks" does not exist or is empty. Please check your content config file for errors.
The collection "routines" does not exist or is empty. Please check your content config file for errors.
The collection "life" does not exist or is empty. Please check your content config file for errors.
The collection "routines" does not exist or is empty. Please check your content config file for errors.
[2m06:13:22[22m   [34m├─[39m [2m/bangumi/anime/食神/index.html[22m [2m(+24ms)[22m 
The collection "life" does not exist or is empty. Please check your content config file for errors.
The collection "routines" does not exist or is empty. Please check your content config file for errors.
The collection "notebooks" does not exist or is empty. Please check your content config file for errors.
The collection "routines" does not exist or is empty. Please check your content config file for errors.
The collection "notebooks" does not exist or is empty. Please check your content config file for errors.
The collection "routines" does not exist or is empty. Please check your content config file for errors.
The collection "life" does not exist or is empty. Please check your content config file for errors.
The collection "routines" does not exist or is empty. Please check your content config file for errors.
[2m06:13:22[22m   [34m├─[39m [2m/bangumi/anime/摔跤吧爸爸/index.html[22m [2m(+27ms)[22m 
The collection "life" does not exist or is empty. Please check your content config file for errors.
The collection "routines" does not exist or is empty. Please check your content config file for errors.
The collection "notebooks" does not exist or is empty. Please check your content config file for errors.
The collection "routines" does not exist or is empty. Please check your content config file for errors.
The collection "notebooks" does not exist or is empty. Please check your content config file for errors.
The collection "routines" does not exist or is empty. Please check your content config file for errors.
The collection "life" does not exist or is empty. Please check your content config file for errors.
The collection "routines" does not exist or is empty. Please check your content config file for errors.
[2m06:13:22[22m   [34m├─[39m [2m/bangumi/anime/素媛/index.html[22m [2m(+22ms)[22m 
The collection "life" does not exist or is empty. Please check your content config file for errors.
The collection "routines" does not exist or is empty. Please check your content config file for errors.
The collection "notebooks" does not exist or is empty. Please check your content config file for errors.
The collection "routines" does not exist or is empty. Please check your content config file for errors.
The collection "notebooks" does not exist or is empty. Please check your content config file for errors.
The collection "routines" does not exist or is empty. Please check your content config file for errors.
The collection "life" does not exist or is empty. Please check your content config file for errors.
The collection "routines" does not exist or is empty. Please check your content config file for errors.
[2m06:13:22[22m   [34m├─[39m [2m/bangumi/anime/泰坦尼克号/index.html[22m [2m(+24ms)[22m 
The collection "life" does not exist or is empty. Please check your content config file for errors.
The collection "routines" does not exist or is empty. Please check your content config file for errors.
The collection "notebooks" does not exist or is empty. Please check your content config file for errors.
The collection "routines" does not exist or is empty. Please check your content config file for errors.
The collection "notebooks" does not exist or is empty. Please check your content config file for errors.
The collection "routines" does not exist or is empty. Please check your content config file for errors.
The collection "life" does not exist or is empty. Please check your content config file for errors.
The collection "routines" does not exist or is empty. Please check your content config file for errors.
[2m06:13:22[22m   [34m├─[39m [2m/bangumi/anime/唐伯虎点秋香/index.html[22m [2m(+22ms)[22m 
The collection "life" does not exist or is empty. Please check your content config file for errors.
The collection "routines" does not exist or is empty. Please check your content config file for errors.
The collection "notebooks" does not exist or is empty. Please check your content config file for errors.
The collection "routines" does not exist or is empty. Please check your content config file for errors.
The collection "notebooks" does not exist or is empty. Please check your content config file for errors.
The collection "routines" does not exist or is empty. Please check your content config file for errors.
The collection "life" does not exist or is empty. Please check your content config file for errors.
The collection "routines" does not exist or is empty. Please check your content config file for errors.
[2m06:13:22[22m   [34m├─[39m [2m/bangumi/anime/唐人街探案/index.html[22m [2m(+26ms)[22m 
The collection "life" does not exist or is empty. Please check your content config file for errors.
The collection "routines" does not exist or is empty. Please check your content config file for errors.
The collection "notebooks" does not exist or is empty. Please check your content config file for errors.
The collection "routines" does not exist or is empty. Please check your content config file for errors.
The collection "notebooks" does not exist or is empty. Please check your content config file for errors.
The collection "routines" does not exist or is empty. Please check your content config file for errors.
The collection "life" does not exist or is empty. Please check your content config file for errors.
The collection "routines" does not exist or is empty. Please check your content config file for errors.
[2m06:13:22[22m   [34m├─[39m [2m/bangumi/anime/头号玩家/index.html[22m [2m(+23ms)[22m 
The collection "life" does not exist or is empty. Please check your content config file for errors.
The collection "routines" does not exist or is empty. Please check your content config file for errors.
The collection "notebooks" does not exist or is empty. Please check your content config file for errors.
The collection "routines" does not exist or is empty. Please check your content config file for errors.
The collection "notebooks" does not exist or is empty. Please check your content config file for errors.
The collection "routines" does not exist or is empty. Please check your content config file for errors.
The collection "life" does not exist or is empty. Please check your content config file for errors.
The collection "routines" does not exist or is empty. Please check your content config file for errors.
[2m06:13:22[22m   [34m├─[39m [2m/bangumi/anime/吞噬星空/index.html[22m [2m(+19ms)[22m 
The collection "life" does not exist or is empty. Please check your content config file for errors.
The collection "routines" does not exist or is empty. Please check your content config file for errors.
The collection "notebooks" does not exist or is empty. Please check your content config file for errors.
The collection "routines" does not exist or is empty. Please check your content config file for errors.
The collection "notebooks" does not exist or is empty. Please check your content config file for errors.
The collection "routines" does not exist or is empty. Please check your content config file for errors.
The collection "life" does not exist or is empty. Please check your content config file for errors.
The collection "routines" does not exist or is empty. Please check your content config file for errors.
[2m06:13:22[22m   [34m├─[39m [2m/bangumi/anime/完美世界/index.html[22m [2m(+22ms)[22m 
The collection "life" does not exist or is empty. Please check your content config file for errors.
The collection "routines" does not exist or is empty. Please check your content config file for errors.
The collection "notebooks" does not exist or is empty. Please check your content config file for errors.
The collection "routines" does not exist or is empty. Please check your content config file for errors.
The collection "notebooks" does not exist or is empty. Please check your content config file for errors.
The collection "routines" does not exist or is empty. Please check your content config file for errors.
The collection "life" does not exist or is empty. Please check your content config file for errors.
The collection "routines" does not exist or is empty. Please check your content config file for errors.
[2m06:13:22[22m   [34m├─[39m [2m/bangumi/anime/我不是药神/index.html[22m [2m(+23ms)[22m 
The collection "life" does not exist or is empty. Please check your content config file for errors.
The collection "routines" does not exist or is empty. Please check your content config file for errors.
The collection "notebooks" does not exist or is empty. Please check your content config file for errors.
The collection "routines" does not exist or is empty. Please check your content config file for errors.
The collection "notebooks" does not exist or is empty. Please check your content config file for errors.
The collection "routines" does not exist or is empty. Please check your content config file for errors.
The collection "life" does not exist or is empty. Please check your content config file for errors.
The collection "routines" does not exist or is empty. Please check your content config file for errors.
[2m06:13:22[22m   [34m├─[39m [2m/bangumi/anime/午夜凶铃/index.html[22m [2m(+22ms)[22m 
The collection "life" does not exist or is empty. Please check your content config file for errors.
The collection "routines" does not exist or is empty. Please check your content config file for errors.
The collection "notebooks" does not exist or is empty. Please check your content config file for errors.
The collection "routines" does not exist or is empty. Please check your content config file for errors.
The collection "notebooks" does not exist or is empty. Please check your content config file for errors.
The collection "routines" does not exist or is empty. Please check your content config file for errors.
The collection "life" does not exist or is empty. Please check your content config file for errors.
The collection "routines" does not exist or is empty. Please check your content config file for errors.
[2m06:13:22[22m   [34m├─[39m [2m/bangumi/anime/喜剧之王/index.html[22m [2m(+22ms)[22m 
The collection "life" does not exist or is empty. Please check your content config file for errors.
The collection "routines" does not exist or is empty. Please check your content config file for errors.
The collection "notebooks" does not exist or is empty. Please check your content config file for errors.
The collection "routines" does not exist or is empty. Please check your content config file for errors.
The collection "notebooks" does not exist or is empty. Please check your content config file for errors.
The collection "routines" does not exist or is empty. Please check your content config file for errors.
The collection "life" does not exist or is empty. Please check your content config file for errors.
The collection "routines" does not exist or is empty. Please check your content config file for errors.
[2m06:13:22[22m   [34m├─[39m [2m/bangumi/anime/仙逆/index.html[22m [2m(+20ms)[22m 
The collection "life" does not exist or is empty. Please check your content config file for errors.
The collection "routines" does not exist or is empty. Please check your content config file for errors.
The collection "notebooks" does not exist or is empty. Please check your content config file for errors.
The collection "routines" does not exist or is empty. Please check your content config file for errors.
The collection "notebooks" does not exist or is empty. Please check your content config file for errors.
The collection "routines" does not exist or is empty. Please check your content config file for errors.
The collection "life" does not exist or is empty. Please check your content config file for errors.
The collection "routines" does not exist or is empty. Please check your content config file for errors.
[2m06:13:22[22m   [34m├─[39m [2m/bangumi/anime/向阳花/index.html[22m [2m(+25ms)[22m 
The collection "life" does not exist or is empty. Please check your content config file for errors.
The collection "routines" does not exist or is empty. Please check your content config file for errors.
The collection "notebooks" does not exist or is empty. Please check your content config file for errors.
The collection "routines" does not exist or is empty. Please check your content config file for errors.
The collection "notebooks" does not exist or is empty. Please check your content config file for errors.
The collection "routines" does not exist or is empty. Please check your content config file for errors.
The collection "life" does not exist or is empty. Please check your content config file for errors.
The collection "routines" does not exist or is empty. Please check your content config file for errors.
[2m06:13:22[22m   [34m├─[39m [2m/bangumi/anime/消失的人/index.html[22m [2m(+20ms)[22m 
The collection "life" does not exist or is empty. Please check your content config file for errors.
The collection "routines" does not exist or is empty. Please check your content config file for errors.
The collection "notebooks" does not exist or is empty. Please check your content config file for errors.
The collection "routines" does not exist or is empty. Please check your content config file for errors.
The collection "notebooks" does not exist or is empty. Please check your content config file for errors.
The collection "routines" does not exist or is empty. Please check your content config file for errors.
The collection "life" does not exist or is empty. Please check your content config file for errors.
The collection "routines" does not exist or is empty. Please check your content config file for errors.
[2m06:13:22[22m   [34m├─[39m [2m/bangumi/anime/小丑/index.html[22m [2m(+20ms)[22m 
The collection "life" does not exist or is empty. Please check your content config file for errors.
The collection "routines" does not exist or is empty. Please check your content config file for errors.
The collection "notebooks" does not exist or is empty. Please check your content config file for errors.
The collection "routines" does not exist or is empty. Please check your content config file for errors.
The collection "notebooks" does not exist or is empty. Please check your content config file for errors.
The collection "routines" does not exist or is empty. Please check your content config file for errors.
The collection "life" does not exist or is empty. Please check your content config file for errors.
The collection "routines" does not exist or is empty. Please check your content config file for errors.
[2m06:13:23[22m   [34m├─[39m [2m/bangumi/anime/肖申克的救赎/index.html[22m [2m(+20ms)[22m 
The collection "life" does not exist or is empty. Please check your content config file for errors.
The collection "routines" does not exist or is empty. Please check your content config file for errors.
The collection "notebooks" does not exist or is empty. Please check your content config file for errors.
The collection "routines" does not exist or is empty. Please check your content config file for errors.
The collection "notebooks" does not exist or is empty. Please check your content config file for errors.
The collection "routines" does not exist or is empty. Please check your content config file for errors.
The collection "life" does not exist or is empty. Please check your content config file for errors.
The collection "routines" does not exist or is empty. Please check your content config file for errors.
[2m06:13:23[22m   [34m├─[39m [2m/bangumi/anime/星辰变/index.html[22m [2m(+23ms)[22m 
The collection "life" does not exist or is empty. Please check your content config file for errors.
The collection "routines" does not exist or is empty. Please check your content config file for errors.
The collection "notebooks" does not exist or is empty. Please check your content config file for errors.
The collection "routines" does not exist or is empty. Please check your content config file for errors.
The collection "notebooks" does not exist or is empty. Please check your content config file for errors.
The collection "routines" does not exist or is empty. Please check your content config file for errors.
The collection "life" does not exist or is empty. Please check your content config file for errors.
The collection "routines" does not exist or is empty. Please check your content config file for errors.
[2m06:13:23[22m   [34m├─[39m [2m/bangumi/anime/星际穿越/index.html[22m [2m(+22ms)[22m 
The collection "life" does not exist or is empty. Please check your content config file for errors.
The collection "routines" does not exist or is empty. Please check your content config file for errors.
The collection "notebooks" does not exist or is empty. Please check your content config file for errors.
The collection "routines" does not exist or is empty. Please check your content config file for errors.
The collection "notebooks" does not exist or is empty. Please check your content config file for errors.
The collection "routines" does not exist or is empty. Please check your content config file for errors.
The collection "life" does not exist or is empty. Please check your content config file for errors.
The collection "routines" does not exist or is empty. Please check your content config file for errors.
[2m06:13:23[22m   [34m├─[39m [2m/bangumi/anime/遮天/index.html[22m [2m(+24ms)[22m 
The collection "life" does not exist or is empty. Please check your content config file for errors.
The collection "routines" does not exist or is empty. Please check your content config file for errors.
The collection "notebooks" does not exist or is empty. Please check your content config file for errors.
The collection "routines" does not exist or is empty. Please check your content config file for errors.
The collection "notebooks" does not exist or is empty. Please check your content config file for errors.
The collection "routines" does not exist or is empty. Please check your content config file for errors.
The collection "life" does not exist or is empty. Please check your content config file for errors.
The collection "routines" does not exist or is empty. Please check your content config file for errors.
[2m06:13:23[22m   [34m├─[39m [2m/bangumi/anime/这个杀手不太冷/index.html[22m [2m(+25ms)[22m 
The collection "life" does not exist or is empty. Please check your content config file for errors.
The collection "routines" does not exist or is empty. Please check your content config file for errors.
The collection "notebooks" does not exist or is empty. Please check your content config file for errors.
The collection "routines" does not exist or is empty. Please check your content config file for errors.
The collection "notebooks" does not exist or is empty. Please check your content config file for errors.
The collection "routines" does not exist or is empty. Please check your content config file for errors.
The collection "life" does not exist or is empty. Please check your content config file for errors.
The collection "routines" does not exist or is empty. Please check your content config file for errors.
[2m06:13:23[22m   [34m├─[39m [2m/bangumi/anime/蜘蛛侠/index.html[22m [2m(+28ms)[22m 
The collection "life" does not exist or is empty. Please check your content config file for errors.
The collection "routines" does not exist or is empty. Please check your content config file for errors.
The collection "notebooks" does not exist or is empty. Please check your content config file for errors.
The collection "routines" does not exist or is empty. Please check your content config file for errors.
The collection "notebooks" does not exist or is empty. Please check your content config file for errors.
The collection "routines" does not exist or is empty. Please check your content config file for errors.
The collection "life" does not exist or is empty. Please check your content config file for errors.
The collection "routines" does not exist or is empty. Please check your content config file for errors.
[2m06:13:23[22m   [34m├─[39m [2m/bangumi/anime/咒怨/index.html[22m [2m(+24ms)[22m 
The collection "life" does not exist or is empty. Please check your content config file for errors.
The collection "routines" does not exist or is empty. Please check your content config file for errors.
The collection "notebooks" does not exist or is empty. Please check your content config file for errors.
The collection "routines" does not exist or is empty. Please check your content config file for errors.
The collection "notebooks" does not exist or is empty. Please check your content config file for errors.
The collection "routines" does not exist or is empty. Please check your content config file for errors.
The collection "life" does not exist or is empty. Please check your content config file for errors.
The collection "routines" does not exist or is empty. Please check your content config file for errors.
[2m06:13:23[22m   [34m├─[39m [2m/bangumi/anime/咒怨2/index.html[22m [2m(+26ms)[22m 
The collection "life" does not exist or is empty. Please check your content config file for errors.
The collection "routines" does not exist or is empty. Please check your content config file for errors.
The collection "notebooks" does not exist or is empty. Please check your content config file for errors.
The collection "routines" does not exist or is empty. Please check your content config file for errors.
The collection "notebooks" does not exist or is empty. Please check your content config file for errors.
The collection "routines" does not exist or is empty. Please check your content config file for errors.
The collection "life" does not exist or is empty. Please check your content config file for errors.
The collection "routines" does not exist or is empty. Please check your content config file for errors.
[2m06:13:23[22m   [34m├─[39m [2m/bangumi/anime/侏罗纪世界/index.html[22m [2m(+27ms)[22m 
The collection "life" does not exist or is empty. Please check your content config file for errors.
The collection "routines" does not exist or is empty. Please check your content config file for errors.
The collection "notebooks" does not exist or is empty. Please check your content config file for errors.
The collection "routines" does not exist or is empty. Please check your content config file for errors.
The collection "notebooks" does not exist or is empty. Please check your content config file for errors.
The collection "routines" does not exist or is empty. Please check your content config file for errors.
The collection "life" does not exist or is empty. Please check your content config file for errors.
The collection "routines" does not exist or is empty. Please check your content config file for errors.
[2m06:13:23[22m   [34m├─[39m [2m/bangumi/anime/紫川/index.html[22m [2m(+39ms)[22m 
The collection "life" does not exist or is empty. Please check your content config file for errors.
The collection "routines" does not exist or is empty. Please check your content config file for errors.
The collection "notebooks" does not exist or is empty. Please check your content config file for errors.
The collection "routines" does not exist or is empty. Please check your content config file for errors.
The collection "notebooks" does not exist or is empty. Please check your content config file for errors.
The collection "routines" does not exist or is empty. Please check your content config file for errors.
The collection "life" does not exist or is empty. Please check your content config file for errors.
The collection "routines" does not exist or is empty. Please check your content config file for errors.
[2m06:13:23[22m   [34m├─[39m [2m/bangumi/book/个人成长/人性的弱点/index.html[22m [2m(+24ms)[22m 
The collection "life" does not exist or is empty. Please check your content config file for errors.
The collection "routines" does not exist or is empty. Please check your content config file for errors.
The collection "notebooks" does not exist or is empty. Please check your content config file for errors.
The collection "routines" does not exist or is empty. Please check your content config file for errors.
The collection "notebooks" does not exist or is empty. Please check your content config file for errors.
The collection "routines" does not exist or is empty. Please check your content config file for errors.
The collection "life" does not exist or is empty. Please check your content config file for errors.
The collection "routines" does not exist or is empty. Please check your content config file for errors.
[2m06:13:23[22m   [34m├─[39m [2m/bangumi/book/经济理财/冯唐成事心法/index.html[22m [2m(+24ms)[22m 
The collection "life" does not exist or is empty. Please check your content config file for errors.
The collection "routines" does not exist or is empty. Please check your content config file for errors.
The collection "notebooks" does not exist or is empty. Please check your content config file for errors.
The collection "routines" does not exist or is empty. Please check your content config file for errors.
The collection "notebooks" does not exist or is empty. Please check your content config file for errors.
The collection "routines" does not exist or is empty. Please check your content config file for errors.
The collection "life" does not exist or is empty. Please check your content config file for errors.
The collection "routines" does not exist or is empty. Please check your content config file for errors.
[2m06:13:23[22m   [34m├─[39m [2m/bangumi/book/精品小说/被嫌弃的松子的一生/index.html[22m [2m(+22ms)[22m 
The collection "life" does not exist or is empty. Please check your content config file for errors.
The collection "routines" does not exist or is empty. Please check your content config file for errors.
The collection "notebooks" does not exist or is empty. Please check your content config file for errors.
The collection "routines" does not exist or is empty. Please check your content config file for errors.
The collection "notebooks" does not exist or is empty. Please check your content config file for errors.
The collection "routines" does not exist or is empty. Please check your content config file for errors.
The collection "life" does not exist or is empty. Please check your content config file for errors.
The collection "routines" does not exist or is empty. Please check your content config file for errors.
[2m06:13:23[22m   [34m├─[39m [2m/bangumi/book/精品小说/恶意/index.html[22m [2m(+25ms)[22m 
The collection "life" does not exist or is empty. Please check your content config file for errors.
The collection "routines" does not exist or is empty. Please check your content config file for errors.
The collection "notebooks" does not exist or is empty. Please check your content config file for errors.
The collection "routines" does not exist or is empty. Please check your content config file for errors.
The collection "notebooks" does not exist or is empty. Please check your content config file for errors.
The collection "routines" does not exist or is empty. Please check your content config file for errors.
The collection "life" does not exist or is empty. Please check your content config file for errors.
The collection "routines" does not exist or is empty. Please check your content config file for errors.
[2m06:13:23[22m   [34m├─[39m [2m/bangumi/book/文学/啊20/index.html[22m [2m(+22ms)[22m 
The collection "life" does not exist or is empty. Please check your content config file for errors.
The collection "routines" does not exist or is empty. Please check your content config file for errors.
The collection "notebooks" does not exist or is empty. Please check your content config file for errors.
The collection "routines" does not exist or is empty. Please check your content config file for errors.
The collection "notebooks" does not exist or is empty. Please check your content config file for errors.
The collection "routines" does not exist or is empty. Please check your content config file for errors.
The collection "life" does not exist or is empty. Please check your content config file for errors.
The collection "routines" does not exist or is empty. Please check your content config file for errors.
[2m06:13:23[22m   [34m├─[39m [2m/bangumi/book/文学/追风筝的人/index.html[22m [2m(+22ms)[22m 
The collection "life" does not exist or is empty. Please check your content config file for errors.
The collection "routines" does not exist or is empty. Please check your content config file for errors.
The collection "notebooks" does not exist or is empty. Please check your content config file for errors.
The collection "routines" does not exist or is empty. Please check your content config file for errors.
The collection "notebooks" does not exist or is empty. Please check your content config file for errors.
The collection "routines" does not exist or is empty. Please check your content config file for errors.
The collection "life" does not exist or is empty. Please check your content config file for errors.
The collection "routines" does not exist or is empty. Please check your content config file for errors.
[2m06:13:23[22m   [34m├─[39m [2m/bangumi/book/心理/认知觉醒开启自我改变的原动力/index.html[22m [2m(+24ms)[22m 
The collection "life" does not exist or is empty. Please check your content config file for errors.
The collection "routines" does not exist or is empty. Please check your content config file for errors.
The collection "notebooks" does not exist or is empty. Please check your content config file for errors.
The collection "routines" does not exist or is empty. Please check your content config file for errors.
The collection "notebooks" does not exist or is empty. Please check your content config file for errors.
The collection "routines" does not exist or is empty. Please check your content config file for errors.
The collection "life" does not exist or is empty. Please check your content config file for errors.
The collection "routines" does not exist or is empty. Please check your content config file for errors.
[2m06:13:23[22m   [34m├─[39m [2m/bangumi/book/哲学宗教/强者思维/index.html[22m [2m(+27ms)[22m 
The collection "life" does not exist or is empty. Please check your content config file for errors.
The collection "routines" does not exist or is empty. Please check your content config file for errors.
The collection "notebooks" does not exist or is empty. Please check your content config file for errors.
The collection "routines" does not exist or is empty. Please check your content config file for errors.
The collection "notebooks" does not exist or is empty. Please check your content config file for errors.
The collection "routines" does not exist or is empty. Please check your content config file for errors.
The collection "life" does not exist or is empty. Please check your content config file for errors.
The collection "routines" does not exist or is empty. Please check your content config file for errors.
[2m06:13:23[22m   [34m├─[39m [2m/bangumi/game/王者荣耀/index.html[22m [2m(+21ms)[22m 
The collection "life" does not exist or is empty. Please check your content config file for errors.
The collection "routines" does not exist or is empty. Please check your content config file for errors.
The collection "notebooks" does not exist or is empty. Please check your content config file for errors.
The collection "routines" does not exist or is empty. Please check your content config file for errors.
The collection "notebooks" does not exist or is empty. Please check your content config file for errors.
The collection "routines" does not exist or is empty. Please check your content config file for errors.
The collection "life" does not exist or is empty. Please check your content config file for errors.
The collection "routines" does not exist or is empty. Please check your content config file for errors.
[2m06:13:23[22m   [34m├─[39m [2m/bangumi/game/英雄联盟/index.html[22m [2m(+23ms)[22m 
The collection "life" does not exist or is empty. Please check your content config file for errors.
The collection "routines" does not exist or is empty. Please check your content config file for errors.
The collection "notebooks" does not exist or is empty. Please check your content config file for errors.
The collection "routines" does not exist or is empty. Please check your content config file for errors.
The collection "notebooks" does not exist or is empty. Please check your content config file for errors.
The collection "routines" does not exist or is empty. Please check your content config file for errors.
The collection "life" does not exist or is empty. Please check your content config file for errors.
The collection "routines" does not exist or is empty. Please check your content config file for errors.
[2m06:13:23[22m   [34m├─[39m [2m/bangumi/music/爱得起李溪芮张彬彬/index.html[22m [2m(+23ms)[22m 
The collection "life" does not exist or is empty. Please check your content config file for errors.
The collection "routines" does not exist or is empty. Please check your content config file for errors.
The collection "notebooks" does not exist or is empty. Please check your content config file for errors.
The collection "routines" does not exist or is empty. Please check your content config file for errors.
The collection "notebooks" does not exist or is empty. Please check your content config file for errors.
The collection "routines" does not exist or is empty. Please check your content config file for errors.
The collection "life" does not exist or is empty. Please check your content config file for errors.
The collection "routines" does not exist or is empty. Please check your content config file for errors.
[2m06:13:23[22m   [34m├─[39m [2m/bangumi/music/爱情转移/index.html[22m [2m(+30ms)[22m 
The collection "life" does not exist or is empty. Please check your content config file for errors.
The collection "routines" does not exist or is empty. Please check your content config file for errors.
The collection "notebooks" does not exist or is empty. Please check your content config file for errors.
The collection "routines" does not exist or is empty. Please check your content config file for errors.
The collection "notebooks" does not exist or is empty. Please check your content config file for errors.
The collection "routines" does not exist or is empty. Please check your content config file for errors.
The collection "life" does not exist or is empty. Please check your content config file for errors.
The collection "routines" does not exist or is empty. Please check your content config file for errors.
[2m06:13:23[22m   [34m├─[39m [2m/bangumi/music/大鱼唱片版/index.html[22m [2m(+20ms)[22m 
The collection "life" does not exist or is empty. Please check your content config file for errors.
The collection "routines" does not exist or is empty. Please check your content config file for errors.
The collection "notebooks" does not exist or is empty. Please check your content config file for errors.
The collection "routines" does not exist or is empty. Please check your content config file for errors.
The collection "notebooks" does not exist or is empty. Please check your content config file for errors.
The collection "routines" does not exist or is empty. Please check your content config file for errors.
The collection "life" does not exist or is empty. Please check your content config file for errors.
The collection "routines" does not exist or is empty. Please check your content config file for errors.
[2m06:13:23[22m   [34m├─[39m [2m/bangumi/music/富士山下/index.html[22m [2m(+20ms)[22m 
The collection "life" does not exist or is empty. Please check your content config file for errors.
The collection "routines" does not exist or is empty. Please check your content config file for errors.
The collection "notebooks" does not exist or is empty. Please check your content config file for errors.
The collection "routines" does not exist or is empty. Please check your content config file for errors.
The collection "notebooks" does not exist or is empty. Please check your content config file for errors.
The collection "routines" does not exist or is empty. Please check your content config file for errors.
The collection "life" does not exist or is empty. Please check your content config file for errors.
The collection "routines" does not exist or is empty. Please check your content config file for errors.
[2m06:13:23[22m   [34m├─[39m [2m/bangumi/music/海底live/index.html[22m [2m(+21ms)[22m 
The collection "life" does not exist or is empty. Please check your content config file for errors.
The collection "routines" does not exist or is empty. Please check your content config file for errors.
The collection "notebooks" does not exist or is empty. Please check your content config file for errors.
The collection "routines" does not exist or is empty. Please check your content config file for errors.
The collection "notebooks" does not exist or is empty. Please check your content config file for errors.
The collection "routines" does not exist or is empty. Please check your content config file for errors.
The collection "life" does not exist or is empty. Please check your content config file for errors.
The collection "routines" does not exist or is empty. Please check your content config file for errors.
[2m06:13:23[22m   [34m├─[39m [2m/bangumi/music/海阔天空/index.html[22m [2m(+23ms)[22m 
The collection "life" does not exist or is empty. Please check your content config file for errors.
The collection "routines" does not exist or is empty. Please check your content config file for errors.
The collection "notebooks" does not exist or is empty. Please check your content config file for errors.
The collection "routines" does not exist or is empty. Please check your content config file for errors.
The collection "notebooks" does not exist or is empty. Please check your content config file for errors.
The collection "routines" does not exist or is empty. Please check your content config file for errors.
The collection "life" does not exist or is empty. Please check your content config file for errors.
The collection "routines" does not exist or is empty. Please check your content config file for errors.
[2m06:13:23[22m   [34m├─[39m [2m/bangumi/music/红玫瑰/index.html[22m [2m(+22ms)[22m 
The collection "life" does not exist or is empty. Please check your content config file for errors.
The collection "routines" does not exist or is empty. Please check your content config file for errors.
The collection "notebooks" does not exist or is empty. Please check your content config file for errors.
The collection "routines" does not exist or is empty. Please check your content config file for errors.
The collection "notebooks" does not exist or is empty. Please check your content config file for errors.
The collection "routines" does not exist or is empty. Please check your content config file for errors.
The collection "life" does not exist or is empty. Please check your content config file for errors.
The collection "routines" does not exist or is empty. Please check your content config file for errors.
[2m06:13:23[22m   [34m├─[39m [2m/bangumi/music/后来/index.html[22m [2m(+23ms)[22m 
The collection "life" does not exist or is empty. Please check your content config file for errors.
The collection "routines" does not exist or is empty. Please check your content config file for errors.
The collection "notebooks" does not exist or is empty. Please check your content config file for errors.
The collection "routines" does not exist or is empty. Please check your content config file for errors.
The collection "notebooks" does not exist or is empty. Please check your content config file for errors.
The collection "routines" does not exist or is empty. Please check your content config file for errors.
The collection "life" does not exist or is empty. Please check your content config file for errors.
The collection "routines" does not exist or is empty. Please check your content config file for errors.
[2m06:13:23[22m   [34m├─[39m [2m/bangumi/music/玫瑰/index.html[22m [2m(+20ms)[22m 
The collection "life" does not exist or is empty. Please check your content config file for errors.
The collection "routines" does not exist or is empty. Please check your content config file for errors.
The collection "notebooks" does not exist or is empty. Please check your content config file for errors.
The collection "routines" does not exist or is empty. Please check your content config file for errors.
The collection "notebooks" does not exist or is empty. Please check your content config file for errors.
The collection "routines" does not exist or is empty. Please check your content config file for errors.
The collection "life" does not exist or is empty. Please check your content config file for errors.
The collection "routines" does not exist or is empty. Please check your content config file for errors.
[2m06:13:23[22m   [34m├─[39m [2m/bangumi/music/男孩别哭/index.html[22m [2m(+24ms)[22m 
The collection "life" does not exist or is empty. Please check your content config file for errors.
The collection "routines" does not exist or is empty. Please check your content config file for errors.
The collection "notebooks" does not exist or is empty. Please check your content config file for errors.
The collection "routines" does not exist or is empty. Please check your content config file for errors.
The collection "notebooks" does not exist or is empty. Please check your content config file for errors.
The collection "routines" does not exist or is empty. Please check your content config file for errors.
The collection "life" does not exist or is empty. Please check your content config file for errors.
The collection "routines" does not exist or is empty. Please check your content config file for errors.
[2m06:13:23[22m   [34m├─[39m [2m/bangumi/music/少女的祈祷/index.html[22m [2m(+27ms)[22m 
The collection "life" does not exist or is empty. Please check your content config file for errors.
The collection "routines" does not exist or is empty. Please check your content config file for errors.
The collection "notebooks" does not exist or is empty. Please check your content config file for errors.
The collection "routines" does not exist or is empty. Please check your content config file for errors.
The collection "notebooks" does not exist or is empty. Please check your content config file for errors.
The collection "routines" does not exist or is empty. Please check your content config file for errors.
The collection "life" does not exist or is empty. Please check your content config file for errors.
The collection "routines" does not exist or is empty. Please check your content config file for errors.
[2m06:13:23[22m   [34m├─[39m [2m/bangumi/music/十年/index.html[22m [2m(+20ms)[22m 
The collection "life" does not exist or is empty. Please check your content config file for errors.
The collection "routines" does not exist or is empty. Please check your content config file for errors.
The collection "notebooks" does not exist or is empty. Please check your content config file for errors.
The collection "routines" does not exist or is empty. Please check your content config file for errors.
The collection "notebooks" does not exist or is empty. Please check your content config file for errors.
The collection "routines" does not exist or is empty. Please check your content config file for errors.
The collection "life" does not exist or is empty. Please check your content config file for errors.
The collection "routines" does not exist or is empty. Please check your content config file for errors.
[2m06:13:23[22m   [34m├─[39m [2m/bangumi/music/私奔/index.html[22m [2m(+20ms)[22m 
The collection "life" does not exist or is empty. Please check your content config file for errors.
The collection "routines" does not exist or is empty. Please check your content config file for errors.
The collection "notebooks" does not exist or is empty. Please check your content config file for errors.
The collection "routines" does not exist or is empty. Please check your content config file for errors.
The collection "notebooks" does not exist or is empty. Please check your content config file for errors.
The collection "routines" does not exist or is empty. Please check your content config file for errors.
The collection "life" does not exist or is empty. Please check your content config file for errors.
The collection "routines" does not exist or is empty. Please check your content config file for errors.
[2m06:13:23[22m   [34m├─[39m [2m/bangumi/music/我曾/index.html[22m [2m(+24ms)[22m 
The collection "life" does not exist or is empty. Please check your content config file for errors.
The collection "routines" does not exist or is empty. Please check your content config file for errors.
The collection "notebooks" does not exist or is empty. Please check your content config file for errors.
The collection "routines" does not exist or is empty. Please check your content config file for errors.
The collection "notebooks" does not exist or is empty. Please check your content config file for errors.
The collection "routines" does not exist or is empty. Please check your content config file for errors.
The collection "life" does not exist or is empty. Please check your content config file for errors.
The collection "routines" does not exist or is empty. Please check your content config file for errors.
[2m06:13:23[22m   [34m├─[39m [2m/bangumi/music/我的心在海对面/index.html[22m [2m(+21ms)[22m 
The collection "life" does not exist or is empty. Please check your content config file for errors.
The collection "routines" does not exist or is empty. Please check your content config file for errors.
The collection "notebooks" does not exist or is empty. Please check your content config file for errors.
The collection "routines" does not exist or is empty. Please check your content config file for errors.
The collection "notebooks" does not exist or is empty. Please check your content config file for errors.
The collection "routines" does not exist or is empty. Please check your content config file for errors.
The collection "life" does not exist or is empty. Please check your content config file for errors.
The collection "routines" does not exist or is empty. Please check your content config file for errors.
[2m06:13:23[22m   [34m├─[39m [2m/bangumi/music/我怀念的/index.html[22m [2m(+21ms)[22m 
The collection "life" does not exist or is empty. Please check your content config file for errors.
The collection "routines" does not exist or is empty. Please check your content config file for errors.
The collection "notebooks" does not exist or is empty. Please check your content config file for errors.
The collection "routines" does not exist or is empty. Please check your content config file for errors.
The collection "notebooks" does not exist or is empty. Please check your content config file for errors.
The collection "routines" does not exist or is empty. Please check your content config file for errors.
The collection "life" does not exist or is empty. Please check your content config file for errors.
The collection "routines" does not exist or is empty. Please check your content config file for errors.
[2m06:13:23[22m   [34m├─[39m [2m/bangumi/music/消愁/index.html[22m [2m(+21ms)[22m 
The collection "life" does not exist or is empty. Please check your content config file for errors.
The collection "routines" does not exist or is empty. Please check your content config file for errors.
The collection "notebooks" does not exist or is empty. Please check your content config file for errors.
The collection "routines" does not exist or is empty. Please check your content config file for errors.
The collection "notebooks" does not exist or is empty. Please check your content config file for errors.
The collection "routines" does not exist or is empty. Please check your content config file for errors.
The collection "life" does not exist or is empty. Please check your content config file for errors.
The collection "routines" does not exist or is empty. Please check your content config file for errors.
[2m06:13:23[22m   [34m├─[39m [2m/bangumi/music/笑看風雲/index.html[22m [2m(+24ms)[22m 
The collection "life" does not exist or is empty. Please check your content config file for errors.
The collection "routines" does not exist or is empty. Please check your content config file for errors.
The collection "notebooks" does not exist or is empty. Please check your content config file for errors.
The collection "routines" does not exist or is empty. Please check your content config file for errors.
The collection "notebooks" does not exist or is empty. Please check your content config file for errors.
The collection "routines" does not exist or is empty. Please check your content config file for errors.
The collection "life" does not exist or is empty. Please check your content config file for errors.
The collection "routines" does not exist or is empty. Please check your content config file for errors.
[2m06:13:23[22m   [34m├─[39m [2m/bangumi/music/野孩子/index.html[22m [2m(+19ms)[22m 
The collection "life" does not exist or is empty. Please check your content config file for errors.
The collection "routines" does not exist or is empty. Please check your content config file for errors.
The collection "notebooks" does not exist or is empty. Please check your content config file for errors.
The collection "routines" does not exist or is empty. Please check your content config file for errors.
The collection "notebooks" does not exist or is empty. Please check your content config file for errors.
The collection "routines" does not exist or is empty. Please check your content config file for errors.
The collection "life" does not exist or is empty. Please check your content config file for errors.
The collection "routines" does not exist or is empty. Please check your content config file for errors.
[2m06:13:23[22m   [34m├─[39m [2m/bangumi/music/一生所爱/index.html[22m [2m(+19ms)[22m 
The collection "life" does not exist or is empty. Please check your content config file for errors.
The collection "routines" does not exist or is empty. Please check your content config file for errors.
The collection "notebooks" does not exist or is empty. Please check your content config file for errors.
The collection "routines" does not exist or is empty. Please check your content config file for errors.
The collection "notebooks" does not exist or is empty. Please check your content config file for errors.
The collection "routines" does not exist or is empty. Please check your content config file for errors.
The collection "life" does not exist or is empty. Please check your content config file for errors.
The collection "routines" does not exist or is empty. Please check your content config file for errors.
[2m06:13:23[22m   [34m├─[39m [2m/bangumi/music/知我/index.html[22m [2m(+19ms)[22m 
The collection "life" does not exist or is empty. Please check your content config file for errors.
The collection "routines" does not exist or is empty. Please check your content config file for errors.
The collection "notebooks" does not exist or is empty. Please check your content config file for errors.
The collection "routines" does not exist or is empty. Please check your content config file for errors.
The collection "notebooks" does not exist or is empty. Please check your content config file for errors.
The collection "routines" does not exist or is empty. Please check your content config file for errors.
The collection "life" does not exist or is empty. Please check your content config file for errors.
The collection "routines" does not exist or is empty. Please check your content config file for errors.
[2m06:13:23[22m   [34m├─[39m [2m/bangumi/music/纸短情长/index.html[22m [2m(+25ms)[22m 
The collection "life" does not exist or is empty. Please check your content config file for errors.
The collection "routines" does not exist or is empty. Please check your content config file for errors.
The collection "notebooks" does not exist or is empty. Please check your content config file for errors.
The collection "routines" does not exist or is empty. Please check your content config file for errors.
The collection "notebooks" does not exist or is empty. Please check your content config file for errors.
The collection "routines" does not exist or is empty. Please check your content config file for errors.
The collection "life" does not exist or is empty. Please check your content config file for errors.
The collection "routines" does not exist or is empty. Please check your content config file for errors.
[2m06:13:23[22m   [34m├─[39m [2m/bangumi/music/ps我爱你-live/index.html[22m [2m(+19ms)[22m 
[31m[1m06:13:24[22m [ERROR][39m TypeError: fetch failed
[31m[1m06:13:24[22m [ERROR] [build][39m Caught error rendering /calendar: TypeError: fetch failed
fetch failed
  [1mStack trace:[22m
[2m[22m
  [1mCaused by:[22m
[2m  read ECONNRESET
    at TLSWrap.onStreamRead (node:internal/stream_base_commons:216:20)[22m
[2m06:13:24[22m   [34m├─[39m [2m/calendar/index.html[22m ELIFECYCLE  Command failed with exit code 1.
